{"payload":{"installed_packages":["absl-py==1.4.0","attrs==22.2.0","cachetools==5.3.0","certifi==2022.12.7","charset-normalizer==3.1.0","colorama==0.4.6","comet-ml==3.32.6","configobj==5.0.8","contourpy==1.0.7","cycler==0.11.0","dulwich==0.21.3","everett==3.1.0","filelock==3.10.7","fonttools==4.39.3","gitdb==4.0.10","gitpython==3.1.31","google-auth-oauthlib==0.4.6","google-auth==2.17.0","grpcio==1.53.0","idna==3.4","jinja2==3.1.2","jsonschema==4.17.3","kiwisolver==1.4.4","markdown==3.4.3","markupsafe==2.1.2","matplotlib==3.7.1","mpmath==1.3.0","networkx==3.0","numpy==1.24.2","oauthlib==3.2.2","opencv-python==4.7.0.72","packaging==23.0","pandas==1.5.3","pillow==9.4.0","pip==22.3.1","protobuf==4.22.1","psutil==5.9.4","pyasn1-modules==0.2.8","pyasn1==0.4.8","pyparsing==3.0.9","pyrsistent==0.19.3","python-box==6.1.0","python-dateutil==2.8.2","pytz==2023.3","pyyaml==6.0","requests-oauthlib==1.3.1","requests-toolbelt==0.10.1","requests==2.28.2","rsa==4.9","scipy==1.10.1","seaborn==0.12.2","semantic-version==2.10.0","sentry-sdk==1.18.0","setuptools==67.6.1","simplejson==3.18.4","six==1.16.0","smmap==5.0.0","sympy==1.11.1","tensorboard-data-server==0.7.0","tensorboard-plugin-wit==1.8.1","tensorboard==2.12.0","thop==0.1.1.post2209072238","torch==2.0.0","torchvision==0.15.1","tqdm==4.65.0","typing-extensions==4.5.0","urllib3==1.26.15","websocket-client==1.3.3","werkzeug==2.2.3","wheel==0.40.0","wrapt==1.15.0","wurlitzer==3.0.3"],"local_timestamp":1680200580048},"type":"ws_msg"}
{"payload":{"env_details":{"command":["c:/Users/Christoph/Source/yolov5/train.py"],"env":null,"hostname":"DESKTOP-6GL4JVO","ip":"192.168.0.14","machine":"AMD64","os":"Windows-10-10.0.22621-SP0","os_release":"10","os_type":"Windows","pid":11592,"processor":"Intel64 Family 6 Model 142 Stepping 12, GenuineIntel","python_exe":"c:\\Users\\Christoph\\Source\\yolov5\\.venv\\Scripts\\python.exe","python_version":"3.10.10","python_version_verbose":"3.10.10 (tags/v3.10.10:aad5f6a, Feb  7 2023, 17:20:36) [MSC v.1929 64 bit (AMD64)]","user":"Christoph"},"local_timestamp":1680200580067},"type":"ws_msg"}
{"payload":{"gpu_static_info":[{"gpu_index":0,"name":"NVIDIA GeForce MX250","power_limit":null,"total_memory":2147483648,"uuid":"GPU-b0517c8f-eb7d-4a61-f50b-9b3ebfcf7ddb"}],"local_timestamp":1680200580629},"type":"ws_msg"}
{"payload":{"local_timestamp":1680200580635,"metric":{"epoch":null,"metricName":"sys.gpu.0.total_memory","metricValue":2147483648,"step":null}},"type":"metric_msg"}
{"payload":{"local_timestamp":1680200580927,"metric":{"epoch":null,"metricName":"sys.cpu.percent.avg","metricValue":9.524999999999999,"step":null}},"type":"metric_msg"}
{"payload":{"local_timestamp":1680200580927,"metric":{"epoch":null,"metricName":"sys.cpu.percent.01","metricValue":18.5,"step":null}},"type":"metric_msg"}
{"payload":{"local_timestamp":1680200580927,"metric":{"epoch":null,"metricName":"sys.cpu.percent.02","metricValue":2.4,"step":null}},"type":"metric_msg"}
{"payload":{"local_timestamp":1680200580927,"metric":{"epoch":null,"metricName":"sys.cpu.percent.03","metricValue":15.1,"step":null}},"type":"metric_msg"}
{"payload":{"local_timestamp":1680200580927,"metric":{"epoch":null,"metricName":"sys.cpu.percent.04","metricValue":7.3,"step":null}},"type":"metric_msg"}
{"payload":{"local_timestamp":1680200580927,"metric":{"epoch":null,"metricName":"sys.cpu.percent.05","metricValue":6.8,"step":null}},"type":"metric_msg"}
{"payload":{"local_timestamp":1680200580927,"metric":{"epoch":null,"metricName":"sys.cpu.percent.06","metricValue":5.4,"step":null}},"type":"metric_msg"}
{"payload":{"local_timestamp":1680200580927,"metric":{"epoch":null,"metricName":"sys.cpu.percent.07","metricValue":5.8,"step":null}},"type":"metric_msg"}
{"payload":{"local_timestamp":1680200580927,"metric":{"epoch":null,"metricName":"sys.cpu.percent.08","metricValue":14.9,"step":null}},"type":"metric_msg"}
{"payload":{"local_timestamp":1680200580927,"metric":{"epoch":null,"metricName":"sys.load.avg","metricValue":0.0,"step":null}},"type":"metric_msg"}
{"payload":{"local_timestamp":1680200580927,"metric":{"epoch":null,"metricName":"sys.ram.total","metricValue":25505280000,"step":null}},"type":"metric_msg"}
{"payload":{"local_timestamp":1680200580927,"metric":{"epoch":null,"metricName":"sys.ram.used","metricValue":10089107456,"step":null}},"type":"metric_msg"}
{"payload":{"local_timestamp":1680200580927,"log_other":{"key":"offline_experiment","val":true}},"type":"ws_msg"}
{"payload":{"local_timestamp":1680200580937,"stderr":true,"stdout":"Traceback (most recent call last):\n"},"type":"ws_msg"}
{"payload":{"local_timestamp":1680200580937,"stderr":true,"stdout":"  File \"c:\\Users\\Christoph\\Source\\yolov5\\train.py\", line 643, in <module>\n"},"type":"ws_msg"}
{"payload":{"local_timestamp":1680200580937,"stderr":true,"stdout":"    "},"type":"ws_msg"}
{"payload":{"local_timestamp":1680200580937,"stderr":true,"stdout":"main(opt)"},"type":"ws_msg"}
{"payload":{"local_timestamp":1680200580937,"stderr":true,"stdout":"\n"},"type":"ws_msg"}
{"payload":{"local_timestamp":1680200580937,"stderr":true,"stdout":"  File \"c:\\Users\\Christoph\\Source\\yolov5\\train.py\", line 532, in main\n"},"type":"ws_msg"}
{"payload":{"local_timestamp":1680200580939,"stderr":true,"stdout":"    "},"type":"ws_msg"}
{"payload":{"local_timestamp":1680200580939,"stderr":true,"stdout":"train(opt.hyp, opt, device, callbacks)"},"type":"ws_msg"}
{"payload":{"local_timestamp":1680200580939,"stderr":true,"stdout":"\n"},"type":"ws_msg"}
{"payload":{"local_timestamp":1680200580939,"stderr":true,"stdout":"  File \"c:\\Users\\Christoph\\Source\\yolov5\\train.py\", line 96, in train\n"},"type":"ws_msg"}
{"payload":{"local_timestamp":1680200580940,"stderr":true,"stdout":"    "},"type":"ws_msg"}
{"payload":{"local_timestamp":1680200580940,"stderr":true,"stdout":"loggers = Loggers(save_dir, weights, opt, hyp, LOGGER)  # loggers instance"},"type":"ws_msg"}
{"payload":{"local_timestamp":1680200580940,"stderr":true,"stdout":"\n"},"type":"ws_msg"}
{"payload":{"local_timestamp":1680200580940,"stderr":true,"stdout":"  File \"c:\\Users\\Christoph\\Source\\yolov5\\utils\\loggers\\__init__.py\", line 129, in __init__\n"},"type":"ws_msg"}
{"payload":{"local_timestamp":1680200580940,"stderr":true,"stdout":"    "},"type":"ws_msg"}
{"payload":{"local_timestamp":1680200580940,"stderr":true,"stdout":"self.comet_logger = CometLogger(self.opt, self.hyp)"},"type":"ws_msg"}
{"payload":{"local_timestamp":1680200580940,"stderr":true,"stdout":"\n"},"type":"ws_msg"}
{"payload":{"local_timestamp":1680200580941,"stderr":true,"stdout":"  File \"c:\\Users\\Christoph\\Source\\yolov5\\utils\\loggers\\comet\\__init__.py\", line 97, in __init__\n"},"type":"ws_msg"}
{"payload":{"local_timestamp":1680200580941,"stderr":true,"stdout":"    "},"type":"ws_msg"}
{"payload":{"local_timestamp":1680200580941,"stderr":true,"stdout":"self.data_dict = self.check_dataset(self.opt.data)"},"type":"ws_msg"}
{"payload":{"local_timestamp":1680200580941,"stderr":true,"stdout":"\n"},"type":"ws_msg"}
{"payload":{"local_timestamp":1680200580941,"stderr":true,"stdout":"  File \"c:\\Users\\Christoph\\Source\\yolov5\\utils\\loggers\\comet\\__init__.py\", line 234, in check_dataset\n"},"type":"ws_msg"}
{"payload":{"local_timestamp":1680200580942,"stderr":true,"stdout":"    "},"type":"ws_msg"}
{"payload":{"local_timestamp":1680200580942,"stderr":true,"stdout":"if data_config['path'].startswith(COMET_PREFIX):"},"type":"ws_msg"}
{"payload":{"local_timestamp":1680200580942,"stderr":true,"stdout":"\n"},"type":"ws_msg"}
{"payload":{"local_timestamp":1680200580942,"stderr":true,"stdout":"KeyError"},"type":"ws_msg"}
{"payload":{"local_timestamp":1680200580942,"stderr":true,"stdout":": "},"type":"ws_msg"}
{"payload":{"local_timestamp":1680200580942,"stderr":true,"stdout":"'path'"},"type":"ws_msg"}
{"payload":{"local_timestamp":1680200580942,"stderr":true,"stdout":"\n"},"type":"ws_msg"}
{"payload":{"git_meta":{"branch":"refs/heads/master","origin":"https://github.com/ultralytics/yolov5.git","parent":"a82132c10bdc0463815a83884fdd85267fc58fdb","repo_name":"yolov5","root":"1e84a23f38fad9e52b59101e9f1246d93066ed1e","status":null,"user":null},"local_timestamp":1680200581264},"type":"ws_msg"}
{"payload":{"local_timestamp":1680200581266,"stderr":true,"stdout":"COMET INFO: ---------------------------------------------------------------------------------------\n"},"type":"ws_msg"}
{"payload":{"local_timestamp":1680200581266,"stderr":true,"stdout":"COMET INFO: Comet.ml OfflineExperiment Summary\n"},"type":"ws_msg"}
{"payload":{"local_timestamp":1680200581266,"stderr":true,"stdout":"COMET INFO: ---------------------------------------------------------------------------------------\n"},"type":"ws_msg"}
{"payload":{"local_timestamp":1680200581267,"stderr":true,"stdout":"COMET INFO:   Data:\n"},"type":"ws_msg"}
{"payload":{"local_timestamp":1680200581267,"stderr":true,"stdout":"COMET INFO:     display_summary_level : 1\n"},"type":"ws_msg"}
{"payload":{"local_timestamp":1680200581267,"stderr":true,"stdout":"COMET INFO:     url                   : [OfflineExperiment will get URL after upload]\n"},"type":"ws_msg"}
{"payload":{"local_timestamp":1680200581267,"stderr":true,"stdout":"COMET INFO:   Others:\n"},"type":"ws_msg"}
{"payload":{"local_timestamp":1680200581268,"stderr":true,"stdout":"COMET INFO:     offline_experiment : True\n"},"type":"ws_msg"}
{"payload":{"local_timestamp":1680200581268,"stderr":true,"stdout":"COMET INFO:   Uploads:\n"},"type":"ws_msg"}
{"payload":{"local_timestamp":1680200581268,"stderr":true,"stdout":"COMET INFO:     environment details : 1\n"},"type":"ws_msg"}
{"payload":{"local_timestamp":1680200581268,"stderr":true,"stdout":"COMET INFO:     git metadata        : 1\n"},"type":"ws_msg"}
{"payload":{"local_timestamp":1680200581268,"stderr":true,"stdout":"COMET INFO:     installed packages  : 1\n"},"type":"ws_msg"}
{"payload":{"local_timestamp":1680200581269,"stderr":true,"stdout":"COMET INFO: \n"},"type":"ws_msg"}
{"payload":{"local_timestamp":1680200581269,"stderr":true,"stdout":"COMET WARNING: Experiment Name is generated at upload time for Offline Experiments unless set explicitly with Experiment.set_name\n"},"type":"ws_msg"}
{"payload":{"local_timestamp":1680200581269,"stderr":true,"stdout":"COMET WARNING: Comet has disabled auto-logging functionality as it has been imported after the following ML modules: tensorboard, torch. Metrics and hyperparameters can still be logged using Experiment.log_metrics() and Experiment.log_parameters()\n"},"type":"ws_msg"}
{"payload":{"local_timestamp":1680200581269,"log_other":{"key":"sys.already_imported_modules","val":"[\"tensorboard\", \"torch\"]"}},"type":"ws_msg"}
